Warehouse id,Region,SKU id,2021-06-01 00:00:00
Wh-1,NORTH,SKU-1,12.567632223840912
Wh-1,NORTH,SKU-2,38.70648211901363
Wh-1,NORTH,SKU-3,7.179476166281284
Wh-1,NORTH,SKU-4,130.11195790347028
Wh-1,NORTH,SKU-5,219.63336653901274
Wh-1,NORTH,SKU-6,10.29404800525132
Wh-1,NORTH,SKU-7,545.5987341355724
Wh-1,NORTH,SKU-8,573.1237585337683
Wh-1,NORTH,SKU-9,190.99980203203492
Wh-1,NORTH,SKU-10,187.54085277238443
Wh-1,NORTH,SKU-11,75.08930638201724
Wh-1,NORTH,SKU-12,263.7105661278192
Wh-1,NORTH,SKU-13,8734.345673587944
Wh-1,NORTH,SKU-14,105.80541001322942
Wh-1,NORTH,SKU-15,117.02296363928043
Wh-1,NORTH,SKU-16,243.74331112159746
Wh-1,NORTH,SKU-17,5659.127335107878
Wh-1,NORTH,SKU-18,330.81422587066413
Wh-1,NORTH,SKU-19,29.93801011476375
Wh-1,NORTH,SKU-20,53.93340475728424
Wh-1,NORTH,SKU-21,132.90584641167112
Wh-1,NORTH,SKU-22,17.74582666714552
Wh-1,NORTH,SKU-23,41.36928212492498
Wh-1,NORTH,SKU-24,35.82403599932128
Wh-1,NORTH,SKU-25,135.6359997135361
Wh-1,NORTH,SKU-26,75.29558324439446
Wh-1,NORTH,SKU-27,46.045233925251104
Wh-1,NORTH,SKU-28,19.982051772690387
Wh-1,NORTH,SKU-29,62.15800389125221
Wh-1,NORTH,SKU-30,152.60930263208948
Wh-1,NORTH,SKU-31,111.42276933180148
Wh-1,NORTH,SKU-32,97.50649020357719
Wh-1,NORTH,SKU-33,54.612098957841894
Wh-1,NORTH,SKU-34,99.89405644043362
Wh-1,NORTH,SKU-35,13.315898820098983
Wh-1,NORTH,SKU-36,296.3447528461648
Wh-1,NORTH,SKU-37,617.8601943085213
Wh-1,NORTH,SKU-38,230.19127319607838
Wh-1,NORTH,SKU-39,1116.0291903262353
Wh-1,NORTH,SKU-40,424.38739186078567
Wh-1,NORTH,SKU-41,63.46244001186997
Wh-1,NORTH,SKU-42,87.62238198996221
Wh-1,NORTH,SKU-43,69.10070452465753
Wh-1,NORTH,SKU-44,118.05133297978412
Wh-1,NORTH,SKU-45,87.76072455122464
Wh-1,NORTH,SKU-46,160.64775423851523
Wh-1,NORTH,SKU-47,1581.4916726482156
Wh-1,NORTH,SKU-48,81.8361906892506
Wh-1,NORTH,SKU-49,232.989989784928
Wh-1,NORTH,SKU-50,454.3491505449447
Wh-1,NORTH,SKU-51,1453.1982649946535
Wh-1,NORTH,SKU-52,63.52811124532457
Wh-1,NORTH,SKU-53,252.53570381086857
Wh-1,NORTH,SKU-54,50.87765245815231
Wh-1,NORTH,SKU-55,176.57883731042068
Wh-1,NORTH,SKU-56,287.78407041025866
Wh-1,NORTH,SKU-57,72.18971822027964
Wh-1,NORTH,SKU-58,133.23341770231158
Wh-1,NORTH,SKU-59,254.62929090796374
Wh-1,NORTH,SKU-60,10.9324102385428
Wh-1,NORTH,SKU-61,1092.5031482469055
Wh-1,NORTH,SKU-62,188.0165474248313
Wh-1,NORTH,SKU-63,38.12998958412536
Wh-1,NORTH,SKU-64,40.30596797423992
Wh-1,NORTH,SKU-65,72.32446616515436
Wh-1,NORTH,SKU-66,119.39647639057031
Wh-1,NORTH,SKU-67,68.13001824158934
Wh-1,NORTH,SKU-68,87.62578328696407
Wh-1,NORTH,SKU-69,173.0747510381423
Wh-1,NORTH,SKU-70,219.2446998012485
Wh-1,NORTH,SKU-71,154.5127413022427
Wh-1,NORTH,SKU-72,165.4784281667547
Wh-1,NORTH,SKU-73,70.57872422306082
Wh-1,NORTH,SKU-74,13.86645266836829
Wh-1,NORTH,SKU-75,49.642211338436866
Wh-1,NORTH,SKU-76,5.882643752224499
Wh-1,NORTH,SKU-77,231.92611192733114
Wh-1,NORTH,SKU-78,226.3035703746367
Wh-1,NORTH,SKU-79,176.90362705611435
Wh-1,NORTH,SKU-80,374.29915037315374
Wh-1,NORTH,SKU-81,47.37581088966144
Wh-1,NORTH,SKU-82,82.06861404224233
Wh-1,NORTH,SKU-83,42.0603772434073
Wh-1,NORTH,SKU-84,610.2449839225283
Wh-1,NORTH,SKU-85,2191.4850478585195
Wh-1,NORTH,SKU-86,79.20259030920745
Wh-1,NORTH,SKU-87,6.844563084449553
Wh-1,NORTH,SKU-88,211.64311592332592
Wh-1,NORTH,SKU-89,220.04354490841249
Wh-1,NORTH,SKU-90,144.24333010910937
Wh-1,NORTH,SKU-91,76.47995686195969
Wh-1,NORTH,SKU-92,75.80649256737863
Wh-1,NORTH,SKU-93,88.39260098434434
Wh-1,NORTH,SKU-94,32.90983182360669
Wh-1,NORTH,SKU-95,17.663164247500955
Wh-1,NORTH,SKU-96,53.29608247923802
Wh-1,NORTH,SKU-97,244.9889120983587
Wh-1,NORTH,SKU-98,83.07568718023039
Wh-1,NORTH,SKU-99,25.766344729086388
Wh-1,NORTH,SKU-100,136.50492859427237
Wh-1,NORTH,SKU-101,78.98902561468284
Wh-1,NORTH,SKU-102,58.08799165693243
Wh-1,NORTH,SKU-103,83.41465772328148
Wh-1,NORTH,SKU-104,159.27533163101273
Wh-1,NORTH,SKU-105,35.23158502409704
Wh-1,NORTH,SKU-106,883.4237709702143
Wh-1,NORTH,SKU-107,233.05925777430332
Wh-1,NORTH,SKU-108,358.52361110399863
Wh-1,NORTH,SKU-109,71.37489169684486
Wh-1,NORTH,SKU-110,97.1678593699329
Wh-1,NORTH,SKU-111,130.00585687465673
Wh-1,NORTH,SKU-112,15.661749130203173
Wh-1,NORTH,SKU-113,246.30242863249745
Wh-1,NORTH,SKU-114,15.332142106620449
Wh-1,NORTH,SKU-115,59.784660144110475
Wh-1,NORTH,SKU-116,5.441653432491277
Wh-1,NORTH,SKU-117,12.459613679136055
Wh-1,NORTH,SKU-118,2.0482476449090914
Wh-1,NORTH,SKU-119,41.68050108364357
Wh-1,NORTH,SKU-120,147.23711387565734
Wh-1,NORTH,SKU-121,489.9525198432533
Wh-1,NORTH,SKU-122,115.5687168494108
Wh-1,NORTH,SKU-123,102.59371931687289
Wh-1,NORTH,SKU-124,2310.5006342431993
Wh-1,NORTH,SKU-125,181.24731091971034
Wh-1,NORTH,SKU-126,48.11615679313222
Wh-1,NORTH,SKU-127,212.93443926790607
Wh-1,NORTH,SKU-128,8.216726742980818
Wh-1,NORTH,SKU-129,37.741403682593884
Wh-1,NORTH,SKU-130,55.218792106339194
Wh-1,NORTH,SKU-131,472.08010715543213
Wh-1,NORTH,SKU-132,1247.133789494163
Wh-1,NORTH,SKU-133,935.7477721756017
Wh-1,NORTH,SKU-134,545.2649540074572
Wh-1,NORTH,SKU-135,411.2182505254687
Wh-1,NORTH,SKU-136,828.8884295363441
Wh-1,NORTH,SKU-137,699.2036457016591
Wh-1,NORTH,SKU-138,122.43383179962456
Wh-1,NORTH,SKU-139,307.13687400596393
Wh-1,NORTH,SKU-140,972.6326680905792
Wh-1,NORTH,SKU-141,764.0057899394668
Wh-1,NORTH,SKU-142,31.479221627399074
Wh-1,NORTH,SKU-143,159.50354116788898
Wh-1,NORTH,SKU-144,46.723234073781285
Wh-1,NORTH,SKU-145,177.2662512441406
Wh-1,NORTH,SKU-146,205.61313049646603
Wh-1,NORTH,SKU-147,200.56191910059584
Wh-1,NORTH,SKU-148,238.8876450251384
Wh-1,NORTH,SKU-149,360.09278658094877
Wh-1,NORTH,SKU-150,1662.9657611966272
Wh-1,NORTH,SKU-151,2231.671255323867
Wh-1,NORTH,SKU-152,202.28691662015896
Wh-1,NORTH,SKU-153,47.32994553535146
Wh-1,NORTH,SKU-154,14.918414783506272
Wh-1,NORTH,SKU-155,19.03808953976092
Wh-1,NORTH,SKU-156,31.997062336263113
Wh-1,NORTH,SKU-157,253.12776513360149
Wh-1,NORTH,SKU-158,44.021027566271954
Wh-1,NORTH,SKU-159,25.91112926014777
Wh-1,NORTH,SKU-160,126.16274064276361
Wh-1,NORTH,SKU-161,41.42614239398462
Wh-1,NORTH,SKU-162,21.642748279038294
Wh-1,NORTH,SKU-163,13.075150812487689
Wh-1,NORTH,SKU-164,26.208762407185652
Wh-1,NORTH,SKU-165,53.86488641687719
Wh-1,NORTH,SKU-166,62.93671596521767
Wh-1,NORTH,SKU-167,42.53006216076246
Wh-1,NORTH,SKU-168,57.62967536620319
Wh-1,NORTH,SKU-169,9.413419475344384
Wh-1,NORTH,SKU-170,100.31717655853882
Wh-1,NORTH,SKU-171,89.71736223151277
Wh-1,NORTH,SKU-172,15.999995175441834
Wh-1,NORTH,SKU-173,205.21247416986873
Wh-1,NORTH,SKU-174,16.17490849049711
Wh-1,NORTH,SKU-175,3.4734638237461963
Wh-1,NORTH,SKU-176,0.999995175441834
Wh-1,NORTH,SKU-177,15.412671443017395
Wh-1,NORTH,SKU-178,54.53341704438657
Wh-1,NORTH,SKU-179,24.084734160440263
Wh-1,NORTH,SKU-180,4.543166598169026
Wh-1,NORTH,SKU-181,8.867311491552483
Wh-1,NORTH,SKU-182,62.43863614423049
Wh-1,NORTH,SKU-183,11.076108224108733
Wh-1,NORTH,SKU-184,17.84096087551785
Wh-1,NORTH,SKU-185,100.13884461955197
Wh-1,NORTH,SKU-186,33.573823016723345
Wh-1,NORTH,SKU-187,4.052484799176113
Wh-1,NORTH,SKU-188,9.721958028961165
Wh-1,NORTH,SKU-189,44.16971943625338
Wh-1,NORTH,SKU-190,211.27067747249578
Wh-1,NORTH,SKU-191,32.06514708543621
Wh-1,NORTH,SKU-192,25.00476127772506
Wh-1,NORTH,SKU-193,18.660814862848518
Wh-1,NORTH,SKU-194,187.33555499481815
Wh-1,NORTH,SKU-195,17.1921350574049
Wh-1,NORTH,SKU-196,78.84170370259721
Wh-1,NORTH,SKU-197,91.26276793632294
Wh-1,NORTH,SKU-198,118.29548310272594
Wh-1,NORTH,SKU-199,185.42329145020784
Wh-1,NORTH,SKU-200,34.28217334793315
Wh-1,NORTH,SKU-201,45.94596876227867
Wh-1,NORTH,SKU-202,119.98627465615986
Wh-1,NORTH,SKU-203,35.44417653761312
Wh-1,NORTH,SKU-204,50.924190401274615
Wh-1,NORTH,SKU-205,173.948759120068
Wh-1,NORTH,SKU-206,2022.185571362565
Wh-1,NORTH,SKU-207,94.88592396017876
Wh-1,NORTH,SKU-208,18.602809802870084
Wh-1,NORTH,SKU-209,225.4391969060739
Wh-1,NORTH,SKU-210,187.60424389628312
Wh-1,NORTH,SKU-211,599.9035446105793
Wh-1,NORTH,SKU-212,175.36382979753444
Wh-1,NORTH,SKU-213,27.373090073690204
Wh-1,NORTH,SKU-214,16.223320604835294
Wh-1,NORTH,SKU-215,438.61733684365277
Wh-1,NORTH,SKU-216,31.542894391014542
Wh-1,NORTH,SKU-217,22.317380284653503
Wh-1,NORTH,SKU-218,12.91735559811277
Wh-1,NORTH,SKU-219,27.12031799297111
Wh-1,NORTH,SKU-220,101.42198534633717
Wh-1,NORTH,SKU-221,172.52414793711839
Wh-1,NORTH,SKU-222,87.6341576368653
Wh-1,NORTH,SKU-223,31.737412827723432
Wh-1,NORTH,SKU-224,1028.1198309543947
Wh-1,NORTH,SKU-225,1829.8583700179147
Wh-1,NORTH,SKU-226,472.7321039196085
Wh-1,NORTH,SKU-227,23.77170364477532
Wh-1,NORTH,SKU-228,0.3617442543241509
Wh-1,NORTH,SKU-229,0.49291740613558943
Wh-1,NORTH,SKU-230,40.12077470889305
Wh-1,NORTH,SKU-231,26.262764280709188
Wh-1,NORTH,SKU-232,120.81337119222603
Wh-1,NORTH,SKU-233,-37.84835323339239
Wh-2,EAST,SKU-1,15.146838220779408
Wh-2,EAST,SKU-2,10.741125136997674
Wh-2,EAST,SKU-3,7.623633917492815
Wh-2,EAST,SKU-4,38.57618056234181
Wh-2,EAST,SKU-5,98.0522701775107
Wh-2,EAST,SKU-6,25.091545087782805
Wh-2,EAST,SKU-7,347.9854238376595
Wh-2,EAST,SKU-403,45.53573967468243
Wh-2,EAST,SKU-8,525.7069625313677
Wh-2,EAST,SKU-234,150.28343472873343
Wh-2,EAST,SKU-9,115.46958093181038
Wh-2,EAST,SKU-10,56.0416995646576
Wh-2,EAST,SKU-13,148.74504030512594
Wh-2,EAST,SKU-17,173.78873506610353
Wh-2,EAST,SKU-20,58.78418543095778
Wh-2,EAST,SKU-352,39.79461754351729
Wh-2,EAST,SKU-21,118.68282162623456
Wh-2,EAST,SKU-22,35.046975444949595
Wh-2,EAST,SKU-23,17.535460313025418
Wh-2,EAST,SKU-24,10.474663627042244
Wh-2,EAST,SKU-25,30.92913021774514
Wh-2,EAST,SKU-26,40.19387348040296
Wh-2,EAST,SKU-27,39.64910793652676
Wh-2,EAST,SKU-28,-13.656229413304729
Wh-2,EAST,SKU-29,29.28302308292742
Wh-2,EAST,SKU-30,30.629017500924157
Wh-2,EAST,SKU-31,75.5317281595091
Wh-2,EAST,SKU-32,213.2575622564422
Wh-2,EAST,SKU-33,33.99096316406019
Wh-2,EAST,SKU-237,170.10811785454024
Wh-2,EAST,SKU-34,39.02021216073251
Wh-2,EAST,SKU-239,36.73571993587845
Wh-2,EAST,SKU-240,-54.85809787712074
Wh-2,EAST,SKU-36,129.95113869765166
Wh-2,EAST,SKU-37,264.5466523567531
Wh-2,EAST,SKU-39,101.01865531139994
Wh-2,EAST,SKU-40,86.71525638183509
Wh-2,EAST,SKU-41,220.0521443647389
Wh-2,EAST,SKU-44,28.340857908019256
Wh-2,EAST,SKU-45,12.440956738355158
Wh-2,EAST,SKU-47,60.547601882740715
Wh-2,EAST,SKU-50,17.18572201544514
Wh-2,EAST,SKU-51,80.27479688880798
Wh-2,EAST,SKU-53,176.60453467680904
Wh-2,EAST,SKU-56,230.49207000699485
Wh-2,EAST,SKU-57,54.58834883146527
Wh-2,EAST,SKU-59,8.058631095982042
Wh-2,EAST,SKU-62,42.354421740354454
Wh-2,EAST,SKU-66,1224.520943609412
Wh-2,EAST,SKU-67,340.06902342297917
Wh-2,EAST,SKU-244,48.74531186360157
Wh-2,EAST,SKU-69,2424.4553545177414
Wh-2,EAST,SKU-70,121.76416347595121
Wh-2,EAST,SKU-71,113.60680191636257
Wh-2,EAST,SKU-72,74.72192569344291
Wh-2,EAST,SKU-73,43.47267616942231
Wh-2,EAST,SKU-328,93.51099647209166
Wh-2,EAST,SKU-76,152.67869826424052
Wh-2,EAST,SKU-77,38.30460768258775
Wh-2,EAST,SKU-78,388.66233608259427
Wh-2,EAST,SKU-79,22.95323633323885
Wh-2,EAST,SKU-248,662.6723625014198
Wh-2,EAST,SKU-404,39.817755982408755
Wh-2,EAST,SKU-80,150.16806844882086
Wh-2,EAST,SKU-81,62.190728850743824
Wh-2,EAST,SKU-82,179.73260038675937
Wh-2,EAST,SKU-84,88.61705614689954
Wh-2,EAST,SKU-86,49.27065096173821
Wh-2,EAST,SKU-250,60.743791608399064
Wh-2,EAST,SKU-87,1.3688494676240666
Wh-2,EAST,SKU-359,31.553791062481743
Wh-2,EAST,SKU-88,256.95980945222664
Wh-2,EAST,SKU-251,97.29355303319002
Wh-2,EAST,SKU-361,25.96425250534629
Wh-2,EAST,SKU-89,65.26786688334025
Wh-2,EAST,SKU-97,32.06774939299543
Wh-2,EAST,SKU-329,101.9535732743953
Wh-2,EAST,SKU-330,105.62288294886918
Wh-2,EAST,SKU-332,62.70101235802262
Wh-2,EAST,SKU-257,34.443504680184915
Wh-2,EAST,SKU-258,602.2190741677656
Wh-2,EAST,SKU-259,257.1576024847122
Wh-2,EAST,SKU-260,82.26423326617422
Wh-2,EAST,SKU-261,443.6899716976657
Wh-2,EAST,SKU-262,34.9535748911899
Wh-2,EAST,SKU-263,870.6056794647401
Wh-2,EAST,SKU-264,6449.739094695826
Wh-2,EAST,SKU-265,20.305260802394333
Wh-2,EAST,SKU-267,328.9496806892285
Wh-2,EAST,SKU-268,2570.667071643813
Wh-2,EAST,SKU-269,50.09986314910988
Wh-2,EAST,SKU-270,62.15735046026371
Wh-2,EAST,SKU-271,32.60370969897005
Wh-2,EAST,SKU-272,93.98143208226442
Wh-2,EAST,SKU-275,113.78492729003088
Wh-2,EAST,SKU-276,92.36504761879019
Wh-2,EAST,SKU-278,15.579640019842262
Wh-2,EAST,SKU-405,486.89253655734507
Wh-2,EAST,SKU-106,173.07245771014215
Wh-2,EAST,SKU-107,27.26880919358696
Wh-2,EAST,SKU-108,163.16178912948692
Wh-2,EAST,SKU-109,25.50098576457186
Wh-2,EAST,SKU-110,11.917275087263151
Wh-2,EAST,SKU-111,88.10541626885706
Wh-2,EAST,SKU-112,6.375159435132581
Wh-2,EAST,SKU-113,208.7693839057764
Wh-2,EAST,SKU-114,17.681548001494292
Wh-2,EAST,SKU-115,27.80434111401621
Wh-2,EAST,SKU-116,9.215183988737177
Wh-2,EAST,SKU-117,16.838508063340036
Wh-2,EAST,SKU-118,2.501271143251656
Wh-2,EAST,SKU-119,81.300093138656
Wh-2,EAST,SKU-120,486.45338127969137
Wh-2,EAST,SKU-287,678.4058095085975
Wh-2,EAST,SKU-337,227.80968032039743
Wh-2,EAST,SKU-121,486.4557609154448
Wh-2,EAST,SKU-288,79.21099781077152
Wh-2,EAST,SKU-123,429.67737802187867
Wh-2,EAST,SKU-289,83.06883126420054
Wh-2,EAST,SKU-406,104.1947314989589
Wh-2,EAST,SKU-407,26.090655509021076
Wh-2,EAST,SKU-124,264.37978179987556
Wh-2,EAST,SKU-338,26.48663397063674
Wh-2,EAST,SKU-408,33.811855292473
Wh-2,EAST,SKU-339,19.34510386991899
Wh-2,EAST,SKU-340,128.02094896095275
Wh-2,EAST,SKU-125,3749.0215607445616
Wh-2,EAST,SKU-126,109.05522721455938
Wh-2,EAST,SKU-127,248.26654541673156
Wh-2,EAST,SKU-342,79.62789462940852
Wh-2,EAST,SKU-291,45.570524804050606
Wh-2,EAST,SKU-343,301.07301859967754
Wh-2,EAST,SKU-292,115.86957259381114
Wh-2,EAST,SKU-409,47.11947227109431
Wh-2,EAST,SKU-132,714.4390586812688
Wh-2,EAST,SKU-133,1549.8572738039566
Wh-2,EAST,SKU-134,395.05845890799185
Wh-2,EAST,SKU-344,145.2614080612937
Wh-2,EAST,SKU-410,50.4032356903883
Wh-2,EAST,SKU-138,167.15235500062659
Wh-2,EAST,SKU-139,39.04497465244229
Wh-2,EAST,SKU-140,808.4117511672957
Wh-2,EAST,SKU-141,954.8071889514051
Wh-2,EAST,SKU-345,577.3990296951512
Wh-2,EAST,SKU-411,157.45625392912282
Wh-2,EAST,SKU-412,80.01752455156895
Wh-2,EAST,SKU-144,107.8543496864043
Wh-2,EAST,SKU-146,302.82806429470884
Wh-2,EAST,SKU-386,183.43635238938614
Wh-2,EAST,SKU-147,290.9578756963418
Wh-2,EAST,SKU-293,183.888139593427
Wh-2,EAST,SKU-148,354.7376769162146
Wh-2,EAST,SKU-149,1693.0719742957567
Wh-2,EAST,SKU-387,36.86945765411707
Wh-2,EAST,SKU-150,204.16118694148838
Wh-2,EAST,SKU-151,387.7546049770509
Wh-2,EAST,SKU-152,78.19936584740582
Wh-2,EAST,SKU-413,165.357827950718
Wh-2,EAST,SKU-389,22.61348529867998
Wh-2,EAST,SKU-157,86.33141675302254
Wh-2,EAST,SKU-158,11.825527373296136
Wh-2,EAST,SKU-161,14.439446273532477
Wh-2,EAST,SKU-162,69.07706359452135
Wh-2,EAST,SKU-163,15.026713044733897
Wh-2,EAST,SKU-164,52.489759922560616
Wh-2,EAST,SKU-165,18.10859846872838
Wh-2,EAST,SKU-166,21.502246022903996
Wh-2,EAST,SKU-167,41.36207565282837
Wh-2,EAST,SKU-297,22.934311743279732
Wh-2,EAST,SKU-172,1.9999951754418341
Wh-2,EAST,SKU-178,32.98406042834363
Wh-2,EAST,SKU-179,13.893774728582308
Wh-2,EAST,SKU-182,53.233941528780946
Wh-2,EAST,SKU-185,75.89287585907141
Wh-2,EAST,SKU-186,28.259159575950267
Wh-2,EAST,SKU-392,28.839246540196353
Wh-2,EAST,SKU-187,19.999995175441835
Wh-2,EAST,SKU-189,12.035643776638764
Wh-2,EAST,SKU-190,89.96204856362725
Wh-2,EAST,SKU-194,37.099675541338605
Wh-2,EAST,SKU-195,36.315309172877576
Wh-2,EAST,SKU-196,268.3695521414101
Wh-2,EAST,SKU-198,-0.19833047592570452
Wh-2,EAST,SKU-199,189.7055953205687
Wh-2,EAST,SKU-306,4.681060394023277
Wh-2,EAST,SKU-312,15.999995175441834
Wh-2,EAST,SKU-315,73.23193552085351
Wh-2,EAST,SKU-316,33.88357340975029
Wh-2,EAST,SKU-319,42.542715703602084
Wh-2,EAST,SKU-321,75.06210739843769
Wh-2,EAST,SKU-322,62.36908285883712
Wh-2,EAST,SKU-399,86.41112394092427
Wh-2,EAST,SKU-205,124.39612976171202
Wh-2,EAST,SKU-206,446.04522956968776
Wh-2,EAST,SKU-208,29.035035957981155
Wh-2,EAST,SKU-210,99.35019566365222
Wh-2,EAST,SKU-211,154.1401827415515
Wh-2,EAST,SKU-214,106.0773420635881
Wh-2,EAST,SKU-216,924.7518340408907
Wh-2,EAST,SKU-217,49.68091382500502
Wh-2,EAST,SKU-414,87.26218888067211
Wh-2,EAST,SKU-219,74.24493080031358
Wh-2,EAST,SKU-220,579.1225814412236
Wh-2,EAST,SKU-221,157.83712516508785
Wh-2,EAST,SKU-224,98.81449867427519
Wh-2,EAST,SKU-225,76.23372706785156
Wh-2,EAST,SKU-226,36.26478344535357
Wh-2,EAST,SKU-230,39.482944000943654
Wh-2,EAST,SKU-231,47.98755648787155
Wh-2,EAST,SKU-232,23.376865034293626
Wh-2,EAST,SKU-233,59.815201129057584
Wh-2,EAST,SKU-415,16.944856874430315
Wh-3,WEST,SKU-1,103.07936876887655
Wh-3,WEST,SKU-2,116.05510037299273
Wh-3,WEST,SKU-3,18.444451858556047
Wh-3,WEST,SKU-4,36.61840940358151
Wh-3,WEST,SKU-5,202.69709446451083
Wh-3,WEST,SKU-6,18.89207042217699
Wh-3,WEST,SKU-350,80.42594346691305
Wh-3,WEST,SKU-7,371.5937236856907
Wh-3,WEST,SKU-8,241.1138697569329
Wh-3,WEST,SKU-234,18.84473806152589
Wh-3,WEST,SKU-9,174.21178628595806
Wh-3,WEST,SKU-10,276.3586715374207
Wh-3,WEST,SKU-13,1111.873555026074
Wh-3,WEST,SKU-17,419.6133009893364
Wh-3,WEST,SKU-327,19.98414335084334
Wh-3,WEST,SKU-19,39.15476584946453
Wh-3,WEST,SKU-351,30.046625286508583
Wh-3,WEST,SKU-236,30.823335366943624
Wh-3,WEST,SKU-20,16.496422737822677
Wh-3,WEST,SKU-352,42.07907677872243
Wh-3,WEST,SKU-353,40.90666622778231
Wh-3,WEST,SKU-21,107.52699695232437
Wh-3,WEST,SKU-22,8.351746372718432
Wh-3,WEST,SKU-23,30.04331933445963
Wh-3,WEST,SKU-24,35.41685568814756
Wh-3,WEST,SKU-25,91.53530670692089
Wh-3,WEST,SKU-26,41.27303241307623
Wh-3,WEST,SKU-27,64.13973441619356
Wh-3,WEST,SKU-28,31.545237851770885
Wh-3,WEST,SKU-29,48.08869157833158
Wh-3,WEST,SKU-30,254.14305689029118
Wh-3,WEST,SKU-31,52.01801061619811
Wh-3,WEST,SKU-32,108.85509897223187
Wh-3,WEST,SKU-33,150.55190841194207
Wh-3,WEST,SKU-237,40.670636125317166
Wh-3,WEST,SKU-34,40.197489987406016
Wh-3,WEST,SKU-239,123.83979022232378
Wh-3,WEST,SKU-240,63.311115874284454
Wh-3,WEST,SKU-354,1007.6316031168566
Wh-3,WEST,SKU-35,18.279523116378208
Wh-3,WEST,SKU-36,216.95596015736865
Wh-3,WEST,SKU-241,51.89374350219928
Wh-3,WEST,SKU-37,91.37129718362519
Wh-3,WEST,SKU-38,236.19520828759187
Wh-3,WEST,SKU-39,902.5925930485298
Wh-3,WEST,SKU-40,378.78646128379273
Wh-3,WEST,SKU-41,47.67752070601401
Wh-3,WEST,SKU-355,18.25949433938611
Wh-3,WEST,SKU-243,117.80235875320218
Wh-3,WEST,SKU-42,87.970719458969
Wh-3,WEST,SKU-43,100.4847467084568
Wh-3,WEST,SKU-44,95.07847026123642
Wh-3,WEST,SKU-356,34.35360851110555
Wh-3,WEST,SKU-45,69.40403027918204
Wh-3,WEST,SKU-46,228.32535109011678
Wh-3,WEST,SKU-47,1340.3521173831386
Wh-3,WEST,SKU-49,345.356708739592
Wh-3,WEST,SKU-50,355.7057988104589
Wh-3,WEST,SKU-51,917.9719720697257
Wh-3,WEST,SKU-53,132.40813831455688
Wh-3,WEST,SKU-54,26.57796810083144
Wh-3,WEST,SKU-55,38.3558903474113
Wh-3,WEST,SKU-56,169.1241246538928
Wh-3,WEST,SKU-57,100.8620964450046
Wh-3,WEST,SKU-58,59.56270270987572
Wh-3,WEST,SKU-59,192.45904794178693
Wh-3,WEST,SKU-357,71.60154415329872
Wh-3,WEST,SKU-60,115.7666258533474
Wh-3,WEST,SKU-61,704.9354009538052
Wh-3,WEST,SKU-62,82.00958091888293
Wh-3,WEST,SKU-63,61.04281669011053
Wh-3,WEST,SKU-66,151.57215672550475
Wh-3,WEST,SKU-67,321.408735795191
Wh-3,WEST,SKU-244,16.91518224155504
Wh-3,WEST,SKU-68,44.32355095457165
Wh-3,WEST,SKU-69,123.66118689798344
Wh-3,WEST,SKU-70,154.96645714941832
Wh-3,WEST,SKU-71,46.062520689325694
Wh-3,WEST,SKU-72,69.98980762891352
Wh-3,WEST,SKU-74,210.09942488370305
Wh-3,WEST,SKU-75,45.565410788910604
Wh-3,WEST,SKU-328,75.84244835003291
Wh-3,WEST,SKU-76,32.1826784808317
Wh-3,WEST,SKU-77,296.76596410731463
Wh-3,WEST,SKU-78,366.39360650272397
Wh-3,WEST,SKU-79,97.46138507094679
Wh-3,WEST,SKU-80,65.17095624048125
Wh-3,WEST,SKU-81,30.955409213697482
Wh-3,WEST,SKU-82,112.25435644624905
Wh-3,WEST,SKU-358,2.999995175441834
Wh-3,WEST,SKU-83,1036.4832476274523
Wh-3,WEST,SKU-84,1697.8428216741358
Wh-3,WEST,SKU-85,21.91782842169898
Wh-3,WEST,SKU-86,124.36626804372577
Wh-3,WEST,SKU-250,135.95277831278764
Wh-3,WEST,SKU-87,3.7791086780476615
Wh-3,WEST,SKU-359,87.4084951573688
Wh-3,WEST,SKU-88,116.98982614747015
Wh-3,WEST,SKU-360,39.550418958531495
Wh-3,WEST,SKU-251,214.2948960448969
Wh-3,WEST,SKU-361,49.71408770790605
Wh-3,WEST,SKU-89,152.53550614252555
Wh-3,WEST,SKU-90,22.272891750274127
Wh-3,WEST,SKU-91,35.31703941545329
Wh-3,WEST,SKU-92,21.056463139349272
Wh-3,WEST,SKU-93,38.735817682961624
Wh-3,WEST,SKU-94,5.075607393043811
Wh-3,WEST,SKU-97,95.34401589130039
Wh-3,WEST,SKU-98,96.43680109582027
Wh-3,WEST,SKU-252,96.76856155646247
Wh-3,WEST,SKU-253,13.575937247921864
Wh-3,WEST,SKU-362,35.50346709469846
Wh-3,WEST,SKU-254,31.918609451744732
Wh-3,WEST,SKU-331,487.6196829648024
Wh-3,WEST,SKU-363,506.1521912317854
Wh-3,WEST,SKU-364,510.93392626865716
Wh-3,WEST,SKU-255,1225.7174870978172
Wh-3,WEST,SKU-332,95.56675423290719
Wh-3,WEST,SKU-365,134.17334238001362
Wh-3,WEST,SKU-256,950.9718103856096
Wh-3,WEST,SKU-366,138.82768776174353
Wh-3,WEST,SKU-367,57.98277841504644
Wh-3,WEST,SKU-257,526.846088490294
Wh-3,WEST,SKU-368,54.83047001247786
Wh-3,WEST,SKU-369,18.999995175441835
Wh-3,WEST,SKU-370,535.2566826012758
Wh-3,WEST,SKU-371,465.6637064542342
Wh-3,WEST,SKU-258,587.6426571482203
Wh-3,WEST,SKU-372,184.03367924426124
Wh-3,WEST,SKU-373,12.07362777122643
Wh-3,WEST,SKU-259,50.966786330293964
Wh-3,WEST,SKU-260,50.571861619137756
Wh-3,WEST,SKU-261,225.40628635586242
Wh-3,WEST,SKU-262,93.23386559512373
Wh-3,WEST,SKU-263,271.74267590132126
Wh-3,WEST,SKU-264,2916.3550626784854
Wh-3,WEST,SKU-265,75.20266825436715
Wh-3,WEST,SKU-266,195.5867451420762
Wh-3,WEST,SKU-267,192.0350000963693
Wh-3,WEST,SKU-268,2278.8210649883
Wh-3,WEST,SKU-374,134.06684870227528
Wh-3,WEST,SKU-269,91.31807403183979
Wh-3,WEST,SKU-270,152.90271047137088
Wh-3,WEST,SKU-271,2165.97869363884
Wh-3,WEST,SKU-272,145.45153295544415
Wh-3,WEST,SKU-273,10.78780615673103
Wh-3,WEST,SKU-274,97.03180626772127
Wh-3,WEST,SKU-275,106.37406194289815
Wh-3,WEST,SKU-277,79.8589490063133
Wh-3,WEST,SKU-278,172.99355146698514
Wh-3,WEST,SKU-279,14.687089994814816
Wh-3,WEST,SKU-280,17.583439887460898
Wh-3,WEST,SKU-281,13.168985020103378
Wh-3,WEST,SKU-282,70.43763815901309
Wh-3,WEST,SKU-283,52.59637283088779
Wh-3,WEST,SKU-375,133.02337742091362
Wh-3,WEST,SKU-376,17.958884337817647
Wh-3,WEST,SKU-284,15.181983645995992
Wh-3,WEST,SKU-285,14.728444941203039
Wh-3,WEST,SKU-377,27.89499187789397
Wh-3,WEST,SKU-378,27.510315570768036
Wh-3,WEST,SKU-123,113.52433203175954
Wh-3,WEST,SKU-289,79.02803203177936
Wh-3,WEST,SKU-124,137.89967603908747
Wh-3,WEST,SKU-339,75.22416458634055
Wh-3,WEST,SKU-341,62.91912281990457
Wh-3,WEST,SKU-290,130.84527092654724
Wh-3,WEST,SKU-126,39.444781962128026
Wh-3,WEST,SKU-127,138.35264278517664
Wh-3,WEST,SKU-291,53.96352352652316
Wh-3,WEST,SKU-343,227.8807382840007
Wh-3,WEST,SKU-292,267.7731048259103
Wh-3,WEST,SKU-128,78.44835041290665
Wh-3,WEST,SKU-379,244.37094158926982
Wh-3,WEST,SKU-380,113.18234675251705
Wh-3,WEST,SKU-381,121.75006826020139
Wh-3,WEST,SKU-132,383.7700740732168
Wh-3,WEST,SKU-133,285.5949028583266
Wh-3,WEST,SKU-134,249.9615997705473
Wh-3,WEST,SKU-382,40.5503396933195
Wh-3,WEST,SKU-383,78.22478263572367
Wh-3,WEST,SKU-137,130.00760440640846
Wh-3,WEST,SKU-139,43.198920281550635
Wh-3,WEST,SKU-140,686.3147623437668
Wh-3,WEST,SKU-141,42.613537254603635
Wh-3,WEST,SKU-144,66.06710603337993
Wh-3,WEST,SKU-145,93.72113704529116
Wh-3,WEST,SKU-146,140.64716946179146
Wh-3,WEST,SKU-384,15.065849261607491
Wh-3,WEST,SKU-385,21.70174867615883
Wh-3,WEST,SKU-386,52.89855047440898
Wh-3,WEST,SKU-147,133.84739504500624
Wh-3,WEST,SKU-293,90.55301649715898
Wh-3,WEST,SKU-148,75.02727035777743
Wh-3,WEST,SKU-149,229.89775701135034
Wh-3,WEST,SKU-387,37.361554090635664
Wh-3,WEST,SKU-150,163.76455698213996
Wh-3,WEST,SKU-151,510.87048459504814
Wh-3,WEST,SKU-388,59.91391954026979
Wh-3,WEST,SKU-152,39.43172362638295
Wh-3,WEST,SKU-154,55.246966547073555
Wh-3,WEST,SKU-155,35.92575338688367
Wh-3,WEST,SKU-156,48.98503906631889
Wh-3,WEST,SKU-389,-0.24397762098289766
Wh-3,WEST,SKU-157,64.2389345199889
Wh-3,WEST,SKU-390,18.661730712448907
Wh-3,WEST,SKU-158,43.78711854991488
Wh-3,WEST,SKU-159,42.50265531609959
Wh-3,WEST,SKU-160,254.96677475189003
Wh-3,WEST,SKU-161,279.6955119943512
Wh-3,WEST,SKU-162,36.25881521778385
Wh-3,WEST,SKU-163,8.411331025023463
Wh-3,WEST,SKU-164,9.57565511661763
Wh-3,WEST,SKU-165,82.06966877476582
Wh-3,WEST,SKU-166,67.63518367767752
Wh-3,WEST,SKU-167,92.15456770037402
Wh-3,WEST,SKU-168,53.12946118564898
Wh-3,WEST,SKU-297,53.10011336436347
Wh-3,WEST,SKU-169,116.71512550033248
Wh-3,WEST,SKU-391,1.9999951754418341
Wh-3,WEST,SKU-170,112.10579890576226
Wh-3,WEST,SKU-171,60.33736883331297
Wh-3,WEST,SKU-172,4.095073361106513
Wh-3,WEST,SKU-299,85.03374231885138
Wh-3,WEST,SKU-173,519.7274966182167
Wh-3,WEST,SKU-174,5.101924268540286
Wh-3,WEST,SKU-175,17.80390038734995
Wh-3,WEST,SKU-176,7.261055189151357
Wh-3,WEST,SKU-177,4.992001912308248
Wh-3,WEST,SKU-178,26.647155384621165
Wh-3,WEST,SKU-179,41.47226658798541
Wh-3,WEST,SKU-180,19.30636492313381
Wh-3,WEST,SKU-181,34.052486457421736
Wh-3,WEST,SKU-182,67.8077702108088
Wh-3,WEST,SKU-183,43.325332376634165
Wh-3,WEST,SKU-184,59.49451743037208
Wh-3,WEST,SKU-185,283.27040707949027
Wh-3,WEST,SKU-300,16.453975863635943
Wh-3,WEST,SKU-301,28.9295154558493
Wh-3,WEST,SKU-186,149.8969390183882
Wh-3,WEST,SKU-392,8.18206520418228
Wh-3,WEST,SKU-187,23.508770377892798
Wh-3,WEST,SKU-302,28.452639052687147
Wh-3,WEST,SKU-188,21.583897633102445
Wh-3,WEST,SKU-189,44.678116844811996
Wh-3,WEST,SKU-190,160.22215856010234
Wh-3,WEST,SKU-192,27.419234755850297
Wh-3,WEST,SKU-193,60.24905198894112
Wh-3,WEST,SKU-194,125.16952931835831
Wh-3,WEST,SKU-195,16.7459624639164
Wh-3,WEST,SKU-196,59.76379178793234
Wh-3,WEST,SKU-197,27.405227057964773
Wh-3,WEST,SKU-198,207.67598405416112
Wh-3,WEST,SKU-199,447.4771499290846
Wh-3,WEST,SKU-200,136.63174053456038
Wh-3,WEST,SKU-201,73.94987207886484
Wh-3,WEST,SKU-202,44.504557773206415
Wh-3,WEST,SKU-203,184.2296157069093
Wh-3,WEST,SKU-393,16.999995175441835
Wh-3,WEST,SKU-204,71.26891453150768
Wh-3,WEST,SKU-306,12.032317710494935
Wh-3,WEST,SKU-394,18.999995175441835
Wh-3,WEST,SKU-395,10.999995175441834
Wh-3,WEST,SKU-314,53.07610428180817
Wh-3,WEST,SKU-315,24.8835794192012
Wh-3,WEST,SKU-316,2.46010278649746
Wh-3,WEST,SKU-317,112.59170630174856
Wh-3,WEST,SKU-318,15.990497111063114
Wh-3,WEST,SKU-319,88.51775303307126
Wh-3,WEST,SKU-320,129.5918497039182
Wh-3,WEST,SKU-321,86.84840613318258
Wh-3,WEST,SKU-322,97.22471736741085
Wh-3,WEST,SKU-323,17.564802484855132
Wh-3,WEST,SKU-324,10.44366085473743
Wh-3,WEST,SKU-325,13.386087172868862
Wh-3,WEST,SKU-326,42.700016372228816
Wh-3,WEST,SKU-396,24.563222112551617
Wh-3,WEST,SKU-397,44.33223344194545
Wh-3,WEST,SKU-398,13.925253748417498
Wh-3,WEST,SKU-399,185.23867219111295
Wh-3,WEST,SKU-400,262.8217399243684
Wh-3,WEST,SKU-205,74.99782378026455
Wh-3,WEST,SKU-206,521.9710433598077
Wh-3,WEST,SKU-207,16.179047868999177
Wh-3,WEST,SKU-208,-1.0967498410795544
Wh-3,WEST,SKU-209,285.72635988565173
Wh-3,WEST,SKU-210,187.3682193871931
Wh-3,WEST,SKU-211,1125.5801199973773
Wh-3,WEST,SKU-214,37.9432428589656
Wh-3,WEST,SKU-215,41.452831294629114
Wh-3,WEST,SKU-217,78.8909995995474
Wh-3,WEST,SKU-218,32.96128999832226
Wh-3,WEST,SKU-219,5.477943722445371
Wh-3,WEST,SKU-220,18.79914286863048
Wh-3,WEST,SKU-221,16.548920234251156
Wh-3,WEST,SKU-401,104.53519330576697
Wh-3,WEST,SKU-222,292.95026340968883
Wh-3,WEST,SKU-223,33.865408389124624
Wh-3,WEST,SKU-224,45.529555628683084
Wh-3,WEST,SKU-225,67.51868095527199
Wh-3,WEST,SKU-226,14.721852749601059
Wh-3,WEST,SKU-402,7.870654638358495
Wh-3,WEST,SKU-227,57.790314531892285
Wh-3,WEST,SKU-229,8.98451864865459
Wh-3,WEST,SKU-230,83.46947139886993
Wh-3,WEST,SKU-231,71.95456227582697
Wh-3,WEST,SKU-232,43.8677036883769
Wh-3,WEST,SKU-233,59.33326961544509
Wh-4,SOUTH,SKU-1,128.23914743153452
Wh-4,SOUTH,SKU-2,55.822388532728375
Wh-4,SOUTH,SKU-3,14.882709873780298
Wh-4,SOUTH,SKU-4,231.49507590449355
Wh-4,SOUTH,SKU-5,175.78365413094843
Wh-4,SOUTH,SKU-6,11.925819070275018
Wh-4,SOUTH,SKU-7,890.1156438641909
Wh-4,SOUTH,SKU-8,1178.34396883779
Wh-4,SOUTH,SKU-234,58.35440068580048
Wh-4,SOUTH,SKU-9,362.6623011980758
Wh-4,SOUTH,SKU-10,184.44190560509557
Wh-4,SOUTH,SKU-13,801.7672610760196
Wh-4,SOUTH,SKU-17,306.0910195729099
Wh-4,SOUTH,SKU-327,22.34086371765597
Wh-4,SOUTH,SKU-19,13.858080961958024
Wh-4,SOUTH,SKU-351,13.369734061858328
Wh-4,SOUTH,SKU-20,17.309275720507518
Wh-4,SOUTH,SKU-353,10.0118677506038
Wh-4,SOUTH,SKU-21,115.32812842820732
Wh-4,SOUTH,SKU-22,52.6781577925293
Wh-4,SOUTH,SKU-23,16.887111296373185
Wh-4,SOUTH,SKU-24,35.25939572557336
Wh-4,SOUTH,SKU-25,64.834113200941
Wh-4,SOUTH,SKU-26,78.89725226823666
Wh-4,SOUTH,SKU-27,112.48806772673105
Wh-4,SOUTH,SKU-28,37.35677379472922
Wh-4,SOUTH,SKU-29,85.16583849005845
Wh-4,SOUTH,SKU-30,148.08468448359176
Wh-4,SOUTH,SKU-31,74.8832932388079
Wh-4,SOUTH,SKU-32,115.22622607240532
Wh-4,SOUTH,SKU-33,136.9498660292639
Wh-4,SOUTH,SKU-237,149.84681337465096
Wh-4,SOUTH,SKU-34,44.95394302661674
Wh-4,SOUTH,SKU-239,14.115717327551003
Wh-4,SOUTH,SKU-240,108.38606290684098
Wh-4,SOUTH,SKU-354,59.56142748993442
Wh-4,SOUTH,SKU-35,-58.18515729442989
Wh-4,SOUTH,SKU-36,78.76108915832735
Wh-4,SOUTH,SKU-37,116.50045811672862
Wh-4,SOUTH,SKU-39,375.4509607787606
Wh-4,SOUTH,SKU-40,492.9295743274319
Wh-4,SOUTH,SKU-41,-5.658921876530812
Wh-4,SOUTH,SKU-243,64.6912833251263
Wh-4,SOUTH,SKU-42,72.65256605672054
Wh-4,SOUTH,SKU-43,17.584218599302453
Wh-4,SOUTH,SKU-44,63.526612500802486
Wh-4,SOUTH,SKU-45,16.853250601418456
Wh-4,SOUTH,SKU-46,102.14755688016513
Wh-4,SOUTH,SKU-47,247.83794351501467
Wh-4,SOUTH,SKU-50,101.75753438490787
Wh-4,SOUTH,SKU-51,176.07915541246052
Wh-4,SOUTH,SKU-53,148.97069364833874
Wh-4,SOUTH,SKU-54,35.380176927976365
Wh-4,SOUTH,SKU-55,217.88853641670332
Wh-4,SOUTH,SKU-56,177.60781074410147
Wh-4,SOUTH,SKU-57,21.650803471032688
Wh-4,SOUTH,SKU-58,53.87203238174553
Wh-4,SOUTH,SKU-59,66.1197175299057
Wh-4,SOUTH,SKU-60,21.6212796410361
Wh-4,SOUTH,SKU-61,645.2671325543668
Wh-4,SOUTH,SKU-62,73.87238809221921
Wh-4,SOUTH,SKU-63,112.17176104058942
Wh-4,SOUTH,SKU-416,114.94733103488873
Wh-4,SOUTH,SKU-64,109.43591703080034
Wh-4,SOUTH,SKU-65,58.77519627905581
Wh-4,SOUTH,SKU-66,43.67540735531359
Wh-4,SOUTH,SKU-67,259.0758099761367
Wh-4,SOUTH,SKU-244,25.29571480967081
Wh-4,SOUTH,SKU-69,223.87701497788228
Wh-4,SOUTH,SKU-70,103.05220321088473
Wh-4,SOUTH,SKU-71,40.02720724390239
Wh-4,SOUTH,SKU-72,41.13915133770565
Wh-4,SOUTH,SKU-73,21.019370077094795
Wh-4,SOUTH,SKU-74,28.021553804329855
Wh-4,SOUTH,SKU-245,73.86646682162932
Wh-4,SOUTH,SKU-246,25.272552999302352
Wh-4,SOUTH,SKU-76,-4.434879900585458
Wh-4,SOUTH,SKU-77,27.410556843914534
Wh-4,SOUTH,SKU-78,98.24451722186359
Wh-4,SOUTH,SKU-79,66.14686404443759
Wh-4,SOUTH,SKU-248,86.60169644150176
Wh-4,SOUTH,SKU-404,157.8167388322936
Wh-4,SOUTH,SKU-417,82.87378128264143
Wh-4,SOUTH,SKU-80,774.7977761105577
Wh-4,SOUTH,SKU-81,774.7661523210213
Wh-4,SOUTH,SKU-82,97.0866846546628
Wh-4,SOUTH,SKU-84,177.20513755486792
Wh-4,SOUTH,SKU-86,59.827834951719325
Wh-4,SOUTH,SKU-250,155.5493081148596
Wh-4,SOUTH,SKU-87,17.841908305490694
Wh-4,SOUTH,SKU-359,105.23892255476044
Wh-4,SOUTH,SKU-88,637.5529430288374
Wh-4,SOUTH,SKU-251,264.677999275441
Wh-4,SOUTH,SKU-361,90.5071446057913
Wh-4,SOUTH,SKU-89,69.67223983479083
Wh-4,SOUTH,SKU-90,44.62271140479934
Wh-4,SOUTH,SKU-92,27.316472005551198
Wh-4,SOUTH,SKU-93,58.47387927363075
Wh-4,SOUTH,SKU-95,21.27424862411004
Wh-4,SOUTH,SKU-418,40.47089732447582
Wh-4,SOUTH,SKU-97,370.21178227942585
Wh-4,SOUTH,SKU-98,214.82055689970807
Wh-4,SOUTH,SKU-252,214.10606514608182
Wh-4,SOUTH,SKU-253,78.05312367633383
Wh-4,SOUTH,SKU-362,79.99212686605583
Wh-4,SOUTH,SKU-419,18.627858052121113
Wh-4,SOUTH,SKU-254,91.90272760249935
Wh-4,SOUTH,SKU-331,166.21977059529308
Wh-4,SOUTH,SKU-255,157.00408834423115
Wh-4,SOUTH,SKU-332,218.890908176556
Wh-4,SOUTH,SKU-256,413.6906310476782
Wh-4,SOUTH,SKU-257,312.36588832070106
Wh-4,SOUTH,SKU-368,36.494264276130934
Wh-4,SOUTH,SKU-258,314.35935897547387
Wh-4,SOUTH,SKU-373,130.14625136353806
Wh-4,SOUTH,SKU-259,522.493296858223
Wh-4,SOUTH,SKU-260,129.570310586213
Wh-4,SOUTH,SKU-261,418.1734168872672
Wh-4,SOUTH,SKU-263,106.85521104156282
Wh-4,SOUTH,SKU-264,1929.3867594163057
Wh-4,SOUTH,SKU-267,29.504832794404724
Wh-4,SOUTH,SKU-268,392.25267900313
Wh-4,SOUTH,SKU-269,289.7651614949096
Wh-4,SOUTH,SKU-270,375.83110814337545
Wh-4,SOUTH,SKU-271,1760.1581548881331
Wh-4,SOUTH,SKU-272,81.68335553251403
Wh-4,SOUTH,SKU-420,41.45512855374246
Wh-4,SOUTH,SKU-273,28.905102136608715
Wh-4,SOUTH,SKU-274,163.6014148580037
Wh-4,SOUTH,SKU-275,231.14830321972755
Wh-4,SOUTH,SKU-276,29.68771343916479
Wh-4,SOUTH,SKU-277,125.25157444866622
Wh-4,SOUTH,SKU-278,112.70773275767486
Wh-4,SOUTH,SKU-279,213.10221612756837
Wh-4,SOUTH,SKU-280,150.9085952460607
Wh-4,SOUTH,SKU-281,99.20564474544945
Wh-4,SOUTH,SKU-282,26.66086373505469
Wh-4,SOUTH,SKU-375,35.732287387087446
Wh-4,SOUTH,SKU-284,42.49229389349306
Wh-4,SOUTH,SKU-285,20.96258000323621
Wh-4,SOUTH,SKU-377,14.409148579553017
Wh-4,SOUTH,SKU-286,100.18944590414783
Wh-4,SOUTH,SKU-421,14.761224183675871
Wh-4,SOUTH,SKU-101,177.22253399309125
Wh-4,SOUTH,SKU-102,61.64214086861383
Wh-4,SOUTH,SKU-103,141.53764356509015
Wh-4,SOUTH,SKU-104,91.91570608796982
Wh-4,SOUTH,SKU-105,165.17128520925257
Wh-4,SOUTH,SKU-106,310.91977323587446
Wh-4,SOUTH,SKU-107,100.95926645027578
Wh-4,SOUTH,SKU-108,370.51899223833584
Wh-4,SOUTH,SKU-109,228.52727459030177
Wh-4,SOUTH,SKU-110,0.652972965545203
Wh-4,SOUTH,SKU-111,170.6152862365551
Wh-4,SOUTH,SKU-112,11.428176389639066
Wh-4,SOUTH,SKU-113,210.85843060050178
Wh-4,SOUTH,SKU-114,23.873498000947215
Wh-4,SOUTH,SKU-115,16.581428012817142
Wh-4,SOUTH,SKU-116,28.21808928110559
Wh-4,SOUTH,SKU-117,14.648850393593772
Wh-4,SOUTH,SKU-287,57.1044732377233
Wh-4,SOUTH,SKU-121,174.27258204850602
Wh-4,SOUTH,SKU-122,196.81128375469098
Wh-4,SOUTH,SKU-422,116.01904096338313
Wh-4,SOUTH,SKU-288,24.32329533230577
Wh-4,SOUTH,SKU-423,42.12539627013358
Wh-4,SOUTH,SKU-424,42.585916458152006
Wh-4,SOUTH,SKU-425,-13.106961456843974
Wh-4,SOUTH,SKU-426,39.86845616735951
Wh-4,SOUTH,SKU-123,103.95498143426003
Wh-4,SOUTH,SKU-289,17.717681640424097
Wh-4,SOUTH,SKU-427,70.4677311905589
Wh-4,SOUTH,SKU-406,75.82942309817975
Wh-4,SOUTH,SKU-124,1348.1073652205896
Wh-4,SOUTH,SKU-338,18.020777719516424
Wh-4,SOUTH,SKU-428,30.15240606191108
Wh-4,SOUTH,SKU-339,268.5573806820852
Wh-4,SOUTH,SKU-126,27.532882620636727
Wh-4,SOUTH,SKU-127,253.3611821965056
Wh-4,SOUTH,SKU-128,73.1776303407137
Wh-4,SOUTH,SKU-129,369.61229880481824
Wh-4,SOUTH,SKU-131,450.85691560611394
Wh-4,SOUTH,SKU-132,1445.0786017643145
Wh-4,SOUTH,SKU-133,1770.62755956834
Wh-4,SOUTH,SKU-134,300.45392600543835
Wh-4,SOUTH,SKU-136,1045.2440946820636
Wh-4,SOUTH,SKU-137,974.0464482332685
Wh-4,SOUTH,SKU-344,34.29060027422417
Wh-4,SOUTH,SKU-140,1012.2029948494375
Wh-4,SOUTH,SKU-141,213.49556878648045
Wh-4,SOUTH,SKU-429,17.405550724274825
Wh-4,SOUTH,SKU-144,62.31805843954502
Wh-4,SOUTH,SKU-384,52.390188822706804
Wh-4,SOUTH,SKU-430,32.74537321216708
Wh-4,SOUTH,SKU-431,44.71594205456645
Wh-4,SOUTH,SKU-432,15.854533052849696
Wh-4,SOUTH,SKU-385,164.4589012822428
Wh-4,SOUTH,SKU-386,255.50826964352578
Wh-4,SOUTH,SKU-147,163.68110366360168
Wh-4,SOUTH,SKU-148,93.13845159400546
Wh-4,SOUTH,SKU-149,72.17623095577463
Wh-4,SOUTH,SKU-387,96.58459620613837
Wh-4,SOUTH,SKU-150,283.8028548992467
Wh-4,SOUTH,SKU-151,1145.3987990781914
Wh-4,SOUTH,SKU-152,670.7251040841155
Wh-4,SOUTH,SKU-154,4.6438445429279245
Wh-4,SOUTH,SKU-155,32.61201250427622
Wh-4,SOUTH,SKU-156,10.369476213987422
Wh-4,SOUTH,SKU-157,75.28734519229742
Wh-4,SOUTH,SKU-158,30.33239557358875
Wh-4,SOUTH,SKU-159,29.746645985360885
Wh-4,SOUTH,SKU-160,66.15351287295596
Wh-4,SOUTH,SKU-161,82.77180024313577
Wh-4,SOUTH,SKU-162,32.46707260934399
Wh-4,SOUTH,SKU-163,18.776247860535417
Wh-4,SOUTH,SKU-164,12.660395002617138
Wh-4,SOUTH,SKU-165,82.85600372240104
Wh-4,SOUTH,SKU-166,37.74724240608592
Wh-4,SOUTH,SKU-167,46.76765704568197
Wh-4,SOUTH,SKU-297,19.493636214446862
Wh-4,SOUTH,SKU-169,12.689469307306224
Wh-4,SOUTH,SKU-170,25.0533450376062
Wh-4,SOUTH,SKU-171,6.619856985813184
Wh-4,SOUTH,SKU-172,10.999995175441834
Wh-4,SOUTH,SKU-173,112.4722705835424
Wh-4,SOUTH,SKU-174,16.831542491652268
Wh-4,SOUTH,SKU-175,2.128150543037348
Wh-4,SOUTH,SKU-176,-4.512719992595988
Wh-4,SOUTH,SKU-177,7.26843947909577
Wh-4,SOUTH,SKU-178,-14.841385445596476
Wh-4,SOUTH,SKU-179,49.966939714811716
Wh-4,SOUTH,SKU-180,2.6561520678830077
Wh-4,SOUTH,SKU-182,24.2533589450797
Wh-4,SOUTH,SKU-183,11.984143776224082
Wh-4,SOUTH,SKU-184,8.314017964389027
Wh-4,SOUTH,SKU-185,33.47285218038323
Wh-4,SOUTH,SKU-186,53.79892775763825
Wh-4,SOUTH,SKU-187,16.16721100085263
Wh-4,SOUTH,SKU-190,32.29761799990673
Wh-4,SOUTH,SKU-193,17.89839733876903
Wh-4,SOUTH,SKU-194,62.90928192180653
Wh-4,SOUTH,SKU-196,55.789983749873294
Wh-4,SOUTH,SKU-199,66.04939398521152
Wh-4,SOUTH,SKU-200,18.76460722136798
Wh-4,SOUTH,SKU-201,35.99798367544088
Wh-4,SOUTH,SKU-202,3.3767896302175657
Wh-4,SOUTH,SKU-203,70.37501286095815
Wh-4,SOUTH,SKU-204,39.60848445301855
Wh-4,SOUTH,SKU-314,34.1756493681341
Wh-4,SOUTH,SKU-315,4.110348347959083
Wh-4,SOUTH,SKU-316,15.677154154068502
Wh-4,SOUTH,SKU-317,13.954137959792476
Wh-4,SOUTH,SKU-318,7.559327795226718
Wh-4,SOUTH,SKU-319,44.996134891675254
Wh-4,SOUTH,SKU-320,7.621776669988512
Wh-4,SOUTH,SKU-321,23.73752953115551
Wh-4,SOUTH,SKU-322,23.356103945057765
Wh-4,SOUTH,SKU-324,41.289256949588946
Wh-4,SOUTH,SKU-325,11.707983598477476
Wh-4,SOUTH,SKU-326,120.63360515384045
Wh-4,SOUTH,SKU-396,12.77210411485299
Wh-4,SOUTH,SKU-397,94.1280190794368
Wh-4,SOUTH,SKU-433,5.467272969106728
Wh-4,SOUTH,SKU-399,29.14605801506758
Wh-4,SOUTH,SKU-205,29.25125918859035
Wh-4,SOUTH,SKU-206,403.8175297434468
Wh-4,SOUTH,SKU-434,12.401020845142199
Wh-4,SOUTH,SKU-208,27.399976749465104
Wh-4,SOUTH,SKU-211,108.3807314314787
Wh-4,SOUTH,SKU-212,10.69701364350184
Wh-4,SOUTH,SKU-214,16.861930246221604
Wh-4,SOUTH,SKU-215,101.627662924709
Wh-4,SOUTH,SKU-217,20.42276381265345
Wh-4,SOUTH,SKU-218,15.74023567854228
Wh-4,SOUTH,SKU-219,48.33096830005008
Wh-4,SOUTH,SKU-220,151.87897523863631
Wh-4,SOUTH,SKU-221,38.049556655086064
Wh-4,SOUTH,SKU-224,153.62469676588265
Wh-4,SOUTH,SKU-225,217.14709009626134
Wh-4,SOUTH,SKU-226,34.10534297125289
Wh-4,SOUTH,SKU-228,16.807821003514675
Wh-4,SOUTH,SKU-229,91.48128166256609
Wh-4,SOUTH,SKU-230,35.62953149145179
Wh-4,SOUTH,SKU-231,16.676387911026865
Wh-4,SOUTH,SKU-232,15.033121055750446
Wh-4,SOUTH,SKU-233,49.38806450592313
